test1;salut
test2;salut
test3;salut
test4;salut
test5;salut
test6;salut
test7;salut
test8;salut
test9;salut
test10;salut
test11;salut
test12;salut
test13;salut
test14;salut
test15;salut
test16;salut
test17;salut
test18;salut
test19;salut
test20;salut
test21;salut
test22;salut
test23;salut
test24;salut
test25;salut
test26;salut
test27;salut
test28;salut
test29;salut
test30;salut
test31;salut
test32;salut
test33;salut
test34;salut
test35;salut
test36;salut
test37;salut
test38;salut
test39;salut
test40;salut
test41;salut
test42;salut
test43;salut
test44;salut
test45;salut
test46;salut
test47;salut
test48;salut
test49;salut
test50;salut
test51;salut
test52;salut
test53;salut
test54;salut
test55;salut
test56;salut
test57;salut
test58;salut
test59;salut
test60;salut
test61;salut
test62;salut
test63;salut
test64;salut
test65;salut
test66;salut
test67;salut
test68;salut
test69;salut
test70;salut
test71;salut
test72;salut
test73;salut
test74;salut
test75;salut
test76;salut
test77;salut
test78;salut
test79;salut
test80;salut
test81;salut
test82;salut
test83;salut
test84;salut
test85;salut
test86;salut
test87;salut
test88;salut
test89;salut
test90;salut
test91;salut
test92;salut
test93;salut
test94;salut
test95;salut
test96;salut
test97;salut
test98;salut
test99;salut
test100;salut
